Kind,Name,PercentLackOfCohesion
Public Abstract Class,"br.com.yaw.sjpac.action.AbstractAction",0
Public Interface,"br.com.yaw.sjpac.action.BooleanExpression",0
Public Class,"br.com.yaw.sjpac.action.ConditionalAction",60
Public Class,"br.com.yaw.sjpac.action.TransactionalAction",56
Public Class,"br.com.yaw.sjpac.app.Main",0
Public Abstract Class,"br.com.yaw.sjpac.controller.AbstractController",82
Public Class,"br.com.yaw.sjpac.controller.BuscarMercadoriaController",0
Class,"br.com.yaw.sjpac.controller.BuscarMercadoriaController.BuscarMercadoriaController.(Anon_1)",0
Public Class,"br.com.yaw.sjpac.controller.IncluirMercadoriaController",50
Class,"br.com.yaw.sjpac.controller.IncluirMercadoriaController.IncluirMercadoriaController.(Anon_1)",0
Class,"br.com.yaw.sjpac.controller.IncluirMercadoriaController.IncluirMercadoriaController.(Anon_2)",0
Class,"br.com.yaw.sjpac.controller.IncluirMercadoriaController.IncluirMercadoriaController.(Anon_3)",0
Class,"br.com.yaw.sjpac.controller.IncluirMercadoriaController.IncluirMercadoriaController.(Anon_4)",0
Public Class,"br.com.yaw.sjpac.controller.ListaMercadoriaController",58
Class,"br.com.yaw.sjpac.controller.ListaMercadoriaController.ListaMercadoriaController.(Anon_1)",0
Class,"br.com.yaw.sjpac.controller.ListaMercadoriaController.ListaMercadoriaController.(Anon_10)",0
Class,"br.com.yaw.sjpac.controller.ListaMercadoriaController.ListaMercadoriaController.(Anon_10).handleEvent.(Anon_11)",0
Class,"br.com.yaw.sjpac.controller.ListaMercadoriaController.ListaMercadoriaController.(Anon_12)",0
Class,"br.com.yaw.sjpac.controller.ListaMercadoriaController.ListaMercadoriaController.(Anon_12).handleEvent.(Anon_13)",0
Class,"br.com.yaw.sjpac.controller.ListaMercadoriaController.ListaMercadoriaController.(Anon_2)",0
Class,"br.com.yaw.sjpac.controller.ListaMercadoriaController.ListaMercadoriaController.(Anon_3)",0
Class,"br.com.yaw.sjpac.controller.ListaMercadoriaController.ListaMercadoriaController.(Anon_4)",0
Class,"br.com.yaw.sjpac.controller.ListaMercadoriaController.ListaMercadoriaController.(Anon_5)",0
Class,"br.com.yaw.sjpac.controller.ListaMercadoriaController.ListaMercadoriaController.(Anon_6)",0
Class,"br.com.yaw.sjpac.controller.ListaMercadoriaController.ListaMercadoriaController.(Anon_6).handleEvent.(Anon_7)",0
Class,"br.com.yaw.sjpac.controller.ListaMercadoriaController.ListaMercadoriaController.(Anon_8)",0
Class,"br.com.yaw.sjpac.controller.ListaMercadoriaController.ListaMercadoriaController.(Anon_8).handleEvent.(Anon_9)",0
Public Abstract Class,"br.com.yaw.sjpac.controller.PersistenceController",66
Public Abstract Generic Class,"br.com.yaw.sjpac.dao.AbstractDAO",33
TypeVariable,"br.com.yaw.sjpac.dao.AbstractDAO.Entity",0
TypeVariable,"br.com.yaw.sjpac.dao.AbstractDAO.PK",0
Public Interface,"br.com.yaw.sjpac.dao.MercadoriaDAO",0
Public Class,"br.com.yaw.sjpac.dao.MercadoriaDAOJPA",0
Public Abstract Generic Class,"br.com.yaw.sjpac.event.AbstractEvent",0
TypeVariable,"br.com.yaw.sjpac.event.AbstractEvent.Target",0
Public Generic Interface,"br.com.yaw.sjpac.event.AbstractEventListener",0
TypeVariable,"br.com.yaw.sjpac.event.AbstractEventListener.M",0
Public Class,"br.com.yaw.sjpac.event.AtualizarListarMercadoriaEvent",0
Public Class,"br.com.yaw.sjpac.event.BuscarMercadoriaEvent",0
Public Class,"br.com.yaw.sjpac.event.DeletarMercadoriaEvent",0
Public Class,"br.com.yaw.sjpac.event.IncluirMercadoriaEvent",0
Public Interface,"br.com.yaw.sjpac.model.AbstractEntity",0
Public Class,"br.com.yaw.sjpac.model.Mercadoria",79
Public Class,"br.com.yaw.sjpac.ui.BuscaMercadoriaFrame",64
Public Class,"br.com.yaw.sjpac.ui.IncluirMercadoriaFrame",77
Public Class,"br.com.yaw.sjpac.ui.ListaMercadoriasFrame",83
Public Class,"br.com.yaw.sjpac.ui.MenuF1",0
Class,"br.com.yaw.sjpac.ui.MenuF1.addListener.(Anon_1)",0
Public Class,"br.com.yaw.sjpac.ui.MercadoriaTable",0
Public Class,"br.com.yaw.sjpac.ui.MercadoriaTableModel",77
Public Class,"br.com.yaw.sjpac.ui.SobreFrame",0
Class,"br.com.yaw.sjpac.ui.SobreFrame.montaLabelsSobre.(Anon_1)",0
Public Class,"br.com.yaw.sjpac.util.ApplicationProperties",88
Public Class,"br.com.yaw.sjpac.util.JPAUtil",66
Public Class,"br.com.yaw.sjpac.validation.MercadoriaValidator",50
Public Generic Interface,"br.com.yaw.sjpac.validation.Validator",0
TypeVariable,"br.com.yaw.sjpac.validation.Validator.Entity",0
