Kind,Name,MaxInheritanceTree,CountClassDerived,CountClassBase,CountClassCoupled
Public Abstract Class,"br.com.yaw.sjpac.action.AbstractAction",1,10,1,0
Public Interface,"br.com.yaw.sjpac.action.BooleanExpression",0,1,0,0
Public Class,"br.com.yaw.sjpac.action.ConditionalAction",2,0,1,1
Public Class,"br.com.yaw.sjpac.action.TransactionalAction",2,0,1,1
Public Class,"br.com.yaw.sjpac.app.Main",1,0,1,1
Public Abstract Class,"br.com.yaw.sjpac.controller.AbstractController",1,1,3,3
Public Class,"br.com.yaw.sjpac.controller.BuscarMercadoriaController",3,0,1,1
Class,"br.com.yaw.sjpac.controller.BuscarMercadoriaController.BuscarMercadoriaController.(Anon_1)",1,0,2,7
Public Class,"br.com.yaw.sjpac.controller.IncluirMercadoriaController",3,0,1,6
Class,"br.com.yaw.sjpac.controller.IncluirMercadoriaController.IncluirMercadoriaController.(Anon_1)",1,0,2,1
Class,"br.com.yaw.sjpac.controller.IncluirMercadoriaController.IncluirMercadoriaController.(Anon_2)",1,0,2,4
Class,"br.com.yaw.sjpac.controller.IncluirMercadoriaController.IncluirMercadoriaController.(Anon_3)",1,0,2,8
Class,"br.com.yaw.sjpac.controller.IncluirMercadoriaController.IncluirMercadoriaController.(Anon_4)",1,0,2,8
Public Class,"br.com.yaw.sjpac.controller.ListaMercadoriaController",3,0,1,13
Class,"br.com.yaw.sjpac.controller.ListaMercadoriaController.ListaMercadoriaController.(Anon_1)",1,0,2,2
Class,"br.com.yaw.sjpac.controller.ListaMercadoriaController.ListaMercadoriaController.(Anon_2)",1,0,2,2
Class,"br.com.yaw.sjpac.controller.ListaMercadoriaController.ListaMercadoriaController.(Anon_3)",1,0,2,1
Class,"br.com.yaw.sjpac.controller.ListaMercadoriaController.ListaMercadoriaController.(Anon_3).handleEvent.(Anon_4)",1,0,2,1
Class,"br.com.yaw.sjpac.controller.ListaMercadoriaController.ListaMercadoriaController.(Anon_5)",1,0,2,1
Class,"br.com.yaw.sjpac.controller.ListaMercadoriaController.ListaMercadoriaController.(Anon_5).handleEvent.(Anon_6)",1,0,2,1
Class,"br.com.yaw.sjpac.controller.ListaMercadoriaController.ListaMercadoriaController.(Anon_7)",1,0,2,1
Class,"br.com.yaw.sjpac.controller.ListaMercadoriaController.ListaMercadoriaController.(Anon_7).handleEvent.(Anon_8)",1,0,2,1
Class,"br.com.yaw.sjpac.controller.ListaMercadoriaController.ListaMercadoriaController.(Anon_9)",1,0,2,1
Class,"br.com.yaw.sjpac.controller.ListaMercadoriaController.ListaMercadoriaController.(Anon_9).handleEvent.(Anon_10)",1,0,2,4
Class,"br.com.yaw.sjpac.controller.ListaMercadoriaController.incializarFrameControler.(Anon_12)",1,0,2,2
Class,"br.com.yaw.sjpac.controller.ListaMercadoriaController.incializarFrameControler.(Anon_13)",1,0,2,5
Class,"br.com.yaw.sjpac.controller.ListaMercadoriaController.incializarFrameSobre.(Anon_11)",1,0,2,1
Public Abstract Class,"br.com.yaw.sjpac.controller.PersistenceController",2,3,1,1
Public Abstract Generic Class,"br.com.yaw.sjpac.dao.AbstractDAO",1,1,1,1
TypeVariable,"br.com.yaw.sjpac.dao.AbstractDAO.Entity",1,0,2,0
TypeVariable,"br.com.yaw.sjpac.dao.AbstractDAO.PK",2,0,1,0
Public Interface,"br.com.yaw.sjpac.dao.MercadoriaDAO",0,1,0,1
Public Class,"br.com.yaw.sjpac.dao.MercadoriaDAOJPA",2,0,2,1
Public Abstract Generic Class,"br.com.yaw.sjpac.event.AbstractEvent",1,5,1,0
TypeVariable,"br.com.yaw.sjpac.event.AbstractEvent.Target",1,0,1,0
Public Generic Interface,"br.com.yaw.sjpac.event.AbstractEventListener",0,4,0,0
TypeVariable,"br.com.yaw.sjpac.event.AbstractEventListener.M",2,0,1,0
Public Class,"br.com.yaw.sjpac.event.AtualizarListarMercadoriaEvent",2,0,1,0
Public Class,"br.com.yaw.sjpac.event.BuscarMercadoriaEvent",2,0,1,0
Public Class,"br.com.yaw.sjpac.event.DeletarMercadoriaEvent",2,0,1,1
Public Class,"br.com.yaw.sjpac.event.IncluirMercadoriaEvent",2,0,1,1
Public Interface,"br.com.yaw.sjpac.model.AbstractEntity",0,2,0,0
Public Class,"br.com.yaw.sjpac.model.Mercadoria",1,0,2,0
Public Class,"br.com.yaw.sjpac.ui.BuscaMercadoriaFrame",2,0,1,0
Public Class,"br.com.yaw.sjpac.ui.IncluirMercadoriaFrame",2,0,1,1
Public Class,"br.com.yaw.sjpac.ui.ListaMercadoriasFrame",2,0,1,3
Public Class,"br.com.yaw.sjpac.ui.MenuF1",2,0,1,0
Class,"br.com.yaw.sjpac.ui.MenuF1.addListener.(Anon_1)",1,0,2,1
Public Class,"br.com.yaw.sjpac.ui.MercadoriaTable",2,0,1,2
Public Class,"br.com.yaw.sjpac.ui.MercadoriaTableModel",2,0,1,1
Public Class,"br.com.yaw.sjpac.ui.SobreFrame",2,0,1,1
Class,"br.com.yaw.sjpac.ui.SobreFrame.montaLabelsSobre.(Anon_1)",1,0,2,1
Public Class,"br.com.yaw.sjpac.util.ApplicationProperties",1,0,1,0
Public Class,"br.com.yaw.sjpac.util.JPAUtil",1,0,1,0
Public Class,"br.com.yaw.sjpac.validation.MercadoriaValidator",1,0,2,1
Public Generic Interface,"br.com.yaw.sjpac.validation.Validator",0,1,0,0
TypeVariable,"br.com.yaw.sjpac.validation.Validator.Entity",1,0,1,0
