Kind,Name,AvgCyclomatic,SumCyclomatic,MaxNesting
File,"AbstractAction.java",1,5,1
File,"AbstractController.java",1,27,3
File,"AbstractDAO.java",1,7,1
File,"AbstractEntity.java",0,0,0
File,"AbstractEvent.java",1,2,0
File,"AbstractEventListener.java",0,0,0
File,"AppTest.java",1,3,0
File,"ApplicationProperties.java",1,10,1
File,"AtualizarListarMercadoriaEvent.java",1,1,0
File,"BooleanExpression.java",0,0,0
File,"BuscaMercadoriaFrame.java",1,7,0
File,"BuscarMercadoriaController.java",1,6,1
File,"BuscarMercadoriaEvent.java",1,1,0
File,"ConditionalAction.java",1,8,1
File,"DeletarMercadoriaEvent.java",1,1,0
File,"IncluirMercadoriaController.java",1,14,2
File,"IncluirMercadoriaEvent.java",1,1,0
File,"IncluirMercadoriaFrame.java",1,23,2
File,"JPAUtil.java",2,4,1
File,"ListaMercadoriaController.java",1,19,2
File,"ListaMercadoriasFrame.java",1,11,0
File,"Main.java",1,1,0
File,"MenuF1.java",1,3,0
File,"Mercadoria.java",1,17,0
File,"MercadoriaDAO.java",0,0,0
File,"MercadoriaDAOJPA.java",1,3,1
File,"MercadoriaTable.java",1,4,1
File,"MercadoriaTableModel.java",1,14,1
File,"MercadoriaValidator.java",4,4,3
File,"PersistenceController.java",1,8,1
File,"SobreFrame.java",1,11,1
File,"TransactionalAction.java",2,16,2
File,"Validator.java",0,0,0
Package,"br",0,0,0
Package,"br.com",0,0,0
Package,"br.com.yaw",0,0,0
Package,"br.com.yaw.sjpac",1,3,0
Public Class,"br.com.yaw.sjpac.AppTest",1,3,0
Public Constructor,"br.com.yaw.sjpac.AppTest.AppTest",,1,0
Public Static Method,"br.com.yaw.sjpac.AppTest.suite",,1,0
Public Method,"br.com.yaw.sjpac.AppTest.testApp",,1,0
Package,"br.com.yaw.sjpac.action",1,29,2
Public Abstract Class,"br.com.yaw.sjpac.action.AbstractAction",1,5,1
Protected Abstract Method,"br.com.yaw.sjpac.action.AbstractAction.action",,0,0
Protected Method,"br.com.yaw.sjpac.action.AbstractAction.actionFailure",,1,0
Public Method,"br.com.yaw.sjpac.action.AbstractAction.actionPerformed",,2,1
Protected Method,"br.com.yaw.sjpac.action.AbstractAction.posAction",,1,0
Protected Method,"br.com.yaw.sjpac.action.AbstractAction.preAction",,1,0
Public Interface,"br.com.yaw.sjpac.action.BooleanExpression",0,0,0
Abstract Method,"br.com.yaw.sjpac.action.BooleanExpression.conditional",,0,0
Public Class,"br.com.yaw.sjpac.action.ConditionalAction",1,8,1
Private Constructor,"br.com.yaw.sjpac.action.ConditionalAction.ConditionalAction",,1,0
Protected Method,"br.com.yaw.sjpac.action.ConditionalAction.action",,4,1
Public Method,"br.com.yaw.sjpac.action.ConditionalAction.addAction",,1,0
Public Method,"br.com.yaw.sjpac.action.ConditionalAction.addConditional",,1,0
Public Static Method,"br.com.yaw.sjpac.action.ConditionalAction.build",,1,0
Public Class,"br.com.yaw.sjpac.action.TransactionalAction",2,16,2
Private Constructor,"br.com.yaw.sjpac.action.TransactionalAction.TransactionalAction",,1,0
Protected Method,"br.com.yaw.sjpac.action.TransactionalAction.action",,6,2
Protected Method,"br.com.yaw.sjpac.action.TransactionalAction.actionFailure",,2,1
Public Method,"br.com.yaw.sjpac.action.TransactionalAction.addAction",,1,0
Public Static Method,"br.com.yaw.sjpac.action.TransactionalAction.build",,1,0
Public Method,"br.com.yaw.sjpac.action.TransactionalAction.persistenceCtxOwner",,1,0
Protected Method,"br.com.yaw.sjpac.action.TransactionalAction.posAction",,2,1
Protected Method,"br.com.yaw.sjpac.action.TransactionalAction.preAction",,2,1
Package,"br.com.yaw.sjpac.app",1,1,0
Public Class,"br.com.yaw.sjpac.app.Main",1,1,0
Public Static Method,"br.com.yaw.sjpac.app.Main.main",,1,0
Package,"br.com.yaw.sjpac.controller",1,74,3
Public Abstract Class,"br.com.yaw.sjpac.controller.AbstractController",1,27,3
Public Constructor,"br.com.yaw.sjpac.controller.AbstractController.AbstractController",,2,1
Public Constructor,"br.com.yaw.sjpac.controller.AbstractController.AbstractController",,1,0
Public Method,"br.com.yaw.sjpac.controller.AbstractController.actionPerformed",,4,3
Protected Method,"br.com.yaw.sjpac.controller.AbstractController.cleanUp",,2,1
Protected Method,"br.com.yaw.sjpac.controller.AbstractController.fireEvent",,4,2
Protected Method,"br.com.yaw.sjpac.controller.AbstractController.getAction",,1,0
Public Method,"br.com.yaw.sjpac.controller.AbstractController.getParentController",,1,0
Protected Method,"br.com.yaw.sjpac.controller.AbstractController.handlerException",,1,0
Protected Method,"br.com.yaw.sjpac.controller.AbstractController.registerAction",,2,1
Protected Method,"br.com.yaw.sjpac.controller.AbstractController.registerEventListener",,2,1
Public Method,"br.com.yaw.sjpac.controller.AbstractController.windowActivated",,1,0
Public Method,"br.com.yaw.sjpac.controller.AbstractController.windowClosed",,1,0
Public Method,"br.com.yaw.sjpac.controller.AbstractController.windowClosing",,1,0
Public Method,"br.com.yaw.sjpac.controller.AbstractController.windowDeactivated",,1,0
Public Method,"br.com.yaw.sjpac.controller.AbstractController.windowDeiconified",,1,0
Public Method,"br.com.yaw.sjpac.controller.AbstractController.windowIconified",,1,0
Public Method,"br.com.yaw.sjpac.controller.AbstractController.windowOpened",,1,0
Public Class,"br.com.yaw.sjpac.controller.BuscarMercadoriaController",1,3,0
Public Constructor,"br.com.yaw.sjpac.controller.BuscarMercadoriaController.BuscarMercadoriaController",,1,0
Class,"br.com.yaw.sjpac.controller.BuscarMercadoriaController.BuscarMercadoriaController.(Anon_1)",1,3,1
Public Method,"br.com.yaw.sjpac.controller.BuscarMercadoriaController.BuscarMercadoriaController.(Anon_1).action",,2,1
Public Method,"br.com.yaw.sjpac.controller.BuscarMercadoriaController.BuscarMercadoriaController.(Anon_1).posAction",,1,0
Protected Method,"br.com.yaw.sjpac.controller.BuscarMercadoriaController.cleanUp",,1,0
Public Method,"br.com.yaw.sjpac.controller.BuscarMercadoriaController.show",,1,0
Public Class,"br.com.yaw.sjpac.controller.IncluirMercadoriaController",1,4,0
Public Constructor,"br.com.yaw.sjpac.controller.IncluirMercadoriaController.IncluirMercadoriaController",,1,0
Class,"br.com.yaw.sjpac.controller.IncluirMercadoriaController.IncluirMercadoriaController.(Anon_1)",1,1,0
Public Method,"br.com.yaw.sjpac.controller.IncluirMercadoriaController.IncluirMercadoriaController.(Anon_1).action",,1,0
Class,"br.com.yaw.sjpac.controller.IncluirMercadoriaController.IncluirMercadoriaController.(Anon_2)",3,3,1
Public Method,"br.com.yaw.sjpac.controller.IncluirMercadoriaController.IncluirMercadoriaController.(Anon_2).conditional",,3,1
Class,"br.com.yaw.sjpac.controller.IncluirMercadoriaController.IncluirMercadoriaController.(Anon_3)",1,2,0
Protected Method,"br.com.yaw.sjpac.controller.IncluirMercadoriaController.IncluirMercadoriaController.(Anon_3).action",,1,0
Public Method,"br.com.yaw.sjpac.controller.IncluirMercadoriaController.IncluirMercadoriaController.(Anon_3).posAction",,1,0
Class,"br.com.yaw.sjpac.controller.IncluirMercadoriaController.IncluirMercadoriaController.(Anon_4)",2,4,2
Protected Method,"br.com.yaw.sjpac.controller.IncluirMercadoriaController.IncluirMercadoriaController.(Anon_4).action",,3,2
Public Method,"br.com.yaw.sjpac.controller.IncluirMercadoriaController.IncluirMercadoriaController.(Anon_4).posAction",,1,0
Protected Method,"br.com.yaw.sjpac.controller.IncluirMercadoriaController.cleanUp",,1,0
Public Method,"br.com.yaw.sjpac.controller.IncluirMercadoriaController.show",,1,0
Public Method,"br.com.yaw.sjpac.controller.IncluirMercadoriaController.show",,1,0
Public Class,"br.com.yaw.sjpac.controller.ListaMercadoriaController",1,3,0
Public Constructor,"br.com.yaw.sjpac.controller.ListaMercadoriaController.ListaMercadoriaController",,1,0
Class,"br.com.yaw.sjpac.controller.ListaMercadoriaController.ListaMercadoriaController.(Anon_1)",1,1,0
Public Method,"br.com.yaw.sjpac.controller.ListaMercadoriaController.ListaMercadoriaController.(Anon_1).action",,1,0
Class,"br.com.yaw.sjpac.controller.ListaMercadoriaController.ListaMercadoriaController.(Anon_10)",1,1,0
Public Method,"br.com.yaw.sjpac.controller.ListaMercadoriaController.ListaMercadoriaController.(Anon_10).handleEvent",,1,0
Class,"br.com.yaw.sjpac.controller.ListaMercadoriaController.ListaMercadoriaController.(Anon_10).handleEvent.(Anon_11)",1,1,0
Public Method,"br.com.yaw.sjpac.controller.ListaMercadoriaController.ListaMercadoriaController.(Anon_10).handleEvent.(Anon_11).run",,1,0
Class,"br.com.yaw.sjpac.controller.ListaMercadoriaController.ListaMercadoriaController.(Anon_12)",1,1,0
Public Method,"br.com.yaw.sjpac.controller.ListaMercadoriaController.ListaMercadoriaController.(Anon_12).handleEvent",,1,0
Class,"br.com.yaw.sjpac.controller.ListaMercadoriaController.ListaMercadoriaController.(Anon_12).handleEvent.(Anon_13)",2,2,1
Public Method,"br.com.yaw.sjpac.controller.ListaMercadoriaController.ListaMercadoriaController.(Anon_12).handleEvent.(Anon_13).run",,2,1
Class,"br.com.yaw.sjpac.controller.ListaMercadoriaController.ListaMercadoriaController.(Anon_2)",1,1,0
Public Method,"br.com.yaw.sjpac.controller.ListaMercadoriaController.ListaMercadoriaController.(Anon_2).action",,1,0
Class,"br.com.yaw.sjpac.controller.ListaMercadoriaController.ListaMercadoriaController.(Anon_3)",1,1,0
Public Method,"br.com.yaw.sjpac.controller.ListaMercadoriaController.ListaMercadoriaController.(Anon_3).action",,1,0
Class,"br.com.yaw.sjpac.controller.ListaMercadoriaController.ListaMercadoriaController.(Anon_4)",1,1,0
Protected Method,"br.com.yaw.sjpac.controller.ListaMercadoriaController.ListaMercadoriaController.(Anon_4).action",,1,0
Class,"br.com.yaw.sjpac.controller.ListaMercadoriaController.ListaMercadoriaController.(Anon_5)",3,3,2
Public Method,"br.com.yaw.sjpac.controller.ListaMercadoriaController.ListaMercadoriaController.(Anon_5).mouseClicked",,3,2
Class,"br.com.yaw.sjpac.controller.ListaMercadoriaController.ListaMercadoriaController.(Anon_6)",1,1,0
Public Method,"br.com.yaw.sjpac.controller.ListaMercadoriaController.ListaMercadoriaController.(Anon_6).handleEvent",,1,0
Class,"br.com.yaw.sjpac.controller.ListaMercadoriaController.ListaMercadoriaController.(Anon_6).handleEvent.(Anon_7)",1,1,0
Public Method,"br.com.yaw.sjpac.controller.ListaMercadoriaController.ListaMercadoriaController.(Anon_6).handleEvent.(Anon_7).run",,1,0
Class,"br.com.yaw.sjpac.controller.ListaMercadoriaController.ListaMercadoriaController.(Anon_8)",1,1,0
Public Method,"br.com.yaw.sjpac.controller.ListaMercadoriaController.ListaMercadoriaController.(Anon_8).handleEvent",,1,0
Class,"br.com.yaw.sjpac.controller.ListaMercadoriaController.ListaMercadoriaController.(Anon_8).handleEvent.(Anon_9)",1,1,0
Public Method,"br.com.yaw.sjpac.controller.ListaMercadoriaController.ListaMercadoriaController.(Anon_8).handleEvent.(Anon_9).run",,1,0
Protected Method,"br.com.yaw.sjpac.controller.ListaMercadoriaController.cleanUp",,1,0
Private Method,"br.com.yaw.sjpac.controller.ListaMercadoriaController.refreshTable",,1,0
Public Abstract Class,"br.com.yaw.sjpac.controller.PersistenceController",1,8,1
Public Constructor,"br.com.yaw.sjpac.controller.PersistenceController.PersistenceController",,1,0
Public Constructor,"br.com.yaw.sjpac.controller.PersistenceController.PersistenceController",,1,0
Protected Method,"br.com.yaw.sjpac.controller.PersistenceController.cleanUp",,2,1
Public Method,"br.com.yaw.sjpac.controller.PersistenceController.getPersistenceContext",,1,0
Protected Method,"br.com.yaw.sjpac.controller.PersistenceController.loadPersistenceContext",,1,0
Protected Method,"br.com.yaw.sjpac.controller.PersistenceController.loadPersistenceContext",,2,1
Package,"br.com.yaw.sjpac.dao",1,10,1
Public Abstract Generic Class,"br.com.yaw.sjpac.dao.AbstractDAO",1,7,1
Public Constructor,"br.com.yaw.sjpac.dao.AbstractDAO.AbstractDAO",,1,0
TypeVariable,"br.com.yaw.sjpac.dao.AbstractDAO.Entity",0,0,0
TypeVariable,"br.com.yaw.sjpac.dao.AbstractDAO.PK",0,0,0
Public Method,"br.com.yaw.sjpac.dao.AbstractDAO.findById",,1,0
Public Method,"br.com.yaw.sjpac.dao.AbstractDAO.getAll",,1,0
Protected Method,"br.com.yaw.sjpac.dao.AbstractDAO.getPersistenceContext",,1,0
Public Method,"br.com.yaw.sjpac.dao.AbstractDAO.remove",,1,0
Public Method,"br.com.yaw.sjpac.dao.AbstractDAO.save",,2,1
Public Interface,"br.com.yaw.sjpac.dao.MercadoriaDAO",0,0,0
Abstract Method,"br.com.yaw.sjpac.dao.MercadoriaDAO.findById",,0,0
Abstract Method,"br.com.yaw.sjpac.dao.MercadoriaDAO.getAll",,0,0
Abstract Method,"br.com.yaw.sjpac.dao.MercadoriaDAO.getMercadoriasByNome",,0,0
Abstract Method,"br.com.yaw.sjpac.dao.MercadoriaDAO.remove",,0,0
Abstract Method,"br.com.yaw.sjpac.dao.MercadoriaDAO.save",,0,0
Public Class,"br.com.yaw.sjpac.dao.MercadoriaDAOJPA",1,3,1
Public Constructor,"br.com.yaw.sjpac.dao.MercadoriaDAOJPA.MercadoriaDAOJPA",,1,0
Public Method,"br.com.yaw.sjpac.dao.MercadoriaDAOJPA.getMercadoriasByNome",,2,1
Package,"br.com.yaw.sjpac.event",1,6,0
Public Abstract Generic Class,"br.com.yaw.sjpac.event.AbstractEvent",1,2,0
Public Constructor,"br.com.yaw.sjpac.event.AbstractEvent.AbstractEvent",,1,0
TypeVariable,"br.com.yaw.sjpac.event.AbstractEvent.Target",0,0,0
Public Method,"br.com.yaw.sjpac.event.AbstractEvent.getTarget",,1,0
Public Generic Interface,"br.com.yaw.sjpac.event.AbstractEventListener",0,0,0
TypeVariable,"br.com.yaw.sjpac.event.AbstractEventListener.M",0,0,0
Public Abstract Method,"br.com.yaw.sjpac.event.AbstractEventListener.handleEvent",,0,0
Public Class,"br.com.yaw.sjpac.event.AtualizarListarMercadoriaEvent",1,1,0
Public Constructor,"br.com.yaw.sjpac.event.AtualizarListarMercadoriaEvent.AtualizarListarMercadoriaEvent",,1,0
Public Class,"br.com.yaw.sjpac.event.BuscarMercadoriaEvent",1,1,0
Public Constructor,"br.com.yaw.sjpac.event.BuscarMercadoriaEvent.BuscarMercadoriaEvent",,1,0
Public Class,"br.com.yaw.sjpac.event.DeletarMercadoriaEvent",1,1,0
Public Constructor,"br.com.yaw.sjpac.event.DeletarMercadoriaEvent.DeletarMercadoriaEvent",,1,0
Public Class,"br.com.yaw.sjpac.event.IncluirMercadoriaEvent",1,1,0
Public Constructor,"br.com.yaw.sjpac.event.IncluirMercadoriaEvent.IncluirMercadoriaEvent",,1,0
Package,"br.com.yaw.sjpac.model",1,17,0
Public Interface,"br.com.yaw.sjpac.model.AbstractEntity",0,0,0
Public Abstract Method,"br.com.yaw.sjpac.model.AbstractEntity.getId",,0,0
Public Class,"br.com.yaw.sjpac.model.Mercadoria",1,17,0
Public Constructor,"br.com.yaw.sjpac.model.Mercadoria.Mercadoria",,1,0
Public Constructor,"br.com.yaw.sjpac.model.Mercadoria.Mercadoria",,1,0
Public Static Method,"br.com.yaw.sjpac.model.Mercadoria.convertPrecoToString",,1,0
Public Static Method,"br.com.yaw.sjpac.model.Mercadoria.formatStringToPreco",,1,0
Public Method,"br.com.yaw.sjpac.model.Mercadoria.getDescricao",,1,0
Public Method,"br.com.yaw.sjpac.model.Mercadoria.getId",,1,0
Public Method,"br.com.yaw.sjpac.model.Mercadoria.getNome",,1,0
Public Method,"br.com.yaw.sjpac.model.Mercadoria.getPreco",,1,0
Public Method,"br.com.yaw.sjpac.model.Mercadoria.getPrecoFormatado",,1,0
Public Method,"br.com.yaw.sjpac.model.Mercadoria.getQuantidade",,1,0
Public Method,"br.com.yaw.sjpac.model.Mercadoria.getVersion",,1,0
Public Method,"br.com.yaw.sjpac.model.Mercadoria.setDescricao",,1,0
Public Method,"br.com.yaw.sjpac.model.Mercadoria.setId",,1,0
Public Method,"br.com.yaw.sjpac.model.Mercadoria.setNome",,1,0
Public Method,"br.com.yaw.sjpac.model.Mercadoria.setPreco",,1,0
Public Method,"br.com.yaw.sjpac.model.Mercadoria.setQuantidade",,1,0
Public Method,"br.com.yaw.sjpac.model.Mercadoria.toString",,1,0
Package,"br.com.yaw.sjpac.ui",1,73,2
Public Class,"br.com.yaw.sjpac.ui.BuscaMercadoriaFrame",1,7,0
Public Constructor,"br.com.yaw.sjpac.ui.BuscaMercadoriaFrame.BuscaMercadoriaFrame",,1,0
Public Method,"br.com.yaw.sjpac.ui.BuscaMercadoriaFrame.getBuscarButton",,1,0
Public Method,"br.com.yaw.sjpac.ui.BuscaMercadoriaFrame.getText",,1,0
Private Method,"br.com.yaw.sjpac.ui.BuscaMercadoriaFrame.inicializaComponentes",,1,0
Private Method,"br.com.yaw.sjpac.ui.BuscaMercadoriaFrame.montaPanelBotoesBusca",,1,0
Private Method,"br.com.yaw.sjpac.ui.BuscaMercadoriaFrame.montaPanelBuscaMercadoria",,1,0
Public Method,"br.com.yaw.sjpac.ui.BuscaMercadoriaFrame.resetForm",,1,0
Public Class,"br.com.yaw.sjpac.ui.IncluirMercadoriaFrame",1,23,2
Public Constructor,"br.com.yaw.sjpac.ui.IncluirMercadoriaFrame.IncluirMercadoriaFrame",,1,0
Public Method,"br.com.yaw.sjpac.ui.IncluirMercadoriaFrame.getCancelarButton",,1,0
Public Method,"br.com.yaw.sjpac.ui.IncluirMercadoriaFrame.getExcluirButton",,1,0
Public Method,"br.com.yaw.sjpac.ui.IncluirMercadoriaFrame.getMercadoria",,1,0
Public Method,"br.com.yaw.sjpac.ui.IncluirMercadoriaFrame.getMercadoriaId",,2,1
Public Method,"br.com.yaw.sjpac.ui.IncluirMercadoriaFrame.getSalvarButton",,1,0
Private Method,"br.com.yaw.sjpac.ui.IncluirMercadoriaFrame.inicializaComponentes",,1,0
Private Method,"br.com.yaw.sjpac.ui.IncluirMercadoriaFrame.loadMercadoriaFromPanel",,9,2
Private Method,"br.com.yaw.sjpac.ui.IncluirMercadoriaFrame.montaPanelBotoesEditar",,1,0
Private Method,"br.com.yaw.sjpac.ui.IncluirMercadoriaFrame.montaPanelEditarMercadoria",,1,0
Private Method,"br.com.yaw.sjpac.ui.IncluirMercadoriaFrame.populaTextFields",,1,0
Public Method,"br.com.yaw.sjpac.ui.IncluirMercadoriaFrame.resetForm",,1,0
Public Method,"br.com.yaw.sjpac.ui.IncluirMercadoriaFrame.setMercadoria",,2,1
Public Class,"br.com.yaw.sjpac.ui.ListaMercadoriasFrame",1,11,0
Public Constructor,"br.com.yaw.sjpac.ui.ListaMercadoriasFrame.ListaMercadoriasFrame",,1,0
Private Method,"br.com.yaw.sjpac.ui.ListaMercadoriasFrame.adicionaComponentes",,1,0
Public Method,"br.com.yaw.sjpac.ui.ListaMercadoriasFrame.getFindButton",,1,0
Public Method,"br.com.yaw.sjpac.ui.ListaMercadoriasFrame.getMenuAjuda",,1,0
Public Method,"br.com.yaw.sjpac.ui.ListaMercadoriasFrame.getMenuSobre",,1,0
Public Method,"br.com.yaw.sjpac.ui.ListaMercadoriasFrame.getNewButton",,1,0
Public Method,"br.com.yaw.sjpac.ui.ListaMercadoriasFrame.getRefreshButton",,1,0
Public Method,"br.com.yaw.sjpac.ui.ListaMercadoriasFrame.getSelectedMercadoria",,1,0
Public Method,"br.com.yaw.sjpac.ui.ListaMercadoriasFrame.getTable",,1,0
Private Method,"br.com.yaw.sjpac.ui.ListaMercadoriasFrame.inicializaComponentes",,1,0
Public Method,"br.com.yaw.sjpac.ui.ListaMercadoriasFrame.refreshTable",,1,0
Public Class,"br.com.yaw.sjpac.ui.MenuF1",1,2,0
Public Constructor,"br.com.yaw.sjpac.ui.MenuF1.MenuF1",,1,0
Public Method,"br.com.yaw.sjpac.ui.MenuF1.addListener",,1,0
Class,"br.com.yaw.sjpac.ui.MenuF1.addListener.(Anon_1)",1,1,0
Public Method,"br.com.yaw.sjpac.ui.MenuF1.addListener.(Anon_1).actionPerformed",,1,0
Public Class,"br.com.yaw.sjpac.ui.MercadoriaTable",1,4,1
Public Constructor,"br.com.yaw.sjpac.ui.MercadoriaTable.MercadoriaTable",,1,0
Public Method,"br.com.yaw.sjpac.ui.MercadoriaTable.getMercadoriaSelected",,2,1
Public Method,"br.com.yaw.sjpac.ui.MercadoriaTable.reload",,1,0
Public Class,"br.com.yaw.sjpac.ui.MercadoriaTableModel",1,14,1
Public Constructor,"br.com.yaw.sjpac.ui.MercadoriaTableModel.MercadoriaTableModel",,1,0
Public Method,"br.com.yaw.sjpac.ui.MercadoriaTableModel.getColumnClass",,1,0
Public Method,"br.com.yaw.sjpac.ui.MercadoriaTableModel.getColumnCount",,1,0
Public Method,"br.com.yaw.sjpac.ui.MercadoriaTableModel.getColumnName",,1,0
Public Method,"br.com.yaw.sjpac.ui.MercadoriaTableModel.getMercadoriaAt",,1,0
Public Method,"br.com.yaw.sjpac.ui.MercadoriaTableModel.getRowCount",,2,1
Public Method,"br.com.yaw.sjpac.ui.MercadoriaTableModel.getValueAt",,5,1
Public Method,"br.com.yaw.sjpac.ui.MercadoriaTableModel.isCellEditable",,1,0
Public Method,"br.com.yaw.sjpac.ui.MercadoriaTableModel.reload",,1,0
Public Class,"br.com.yaw.sjpac.ui.SobreFrame",1,9,1
Public Constructor,"br.com.yaw.sjpac.ui.SobreFrame.SobreFrame",,1,0
Private Method,"br.com.yaw.sjpac.ui.SobreFrame.createHorizontalGroup",,2,1
Private Method,"br.com.yaw.sjpac.ui.SobreFrame.createVerticalGroup",,2,1
Private Method,"br.com.yaw.sjpac.ui.SobreFrame.groupComponents",,2,1
Private Method,"br.com.yaw.sjpac.ui.SobreFrame.inicializaComponentes",,1,0
Private Method,"br.com.yaw.sjpac.ui.SobreFrame.montaLabelsSobre",,1,0
Class,"br.com.yaw.sjpac.ui.SobreFrame.montaLabelsSobre.(Anon_1)",2,2,1
Protected Method,"br.com.yaw.sjpac.ui.SobreFrame.montaLabelsSobre.(Anon_1).paintComponent",,2,1
Package,"br.com.yaw.sjpac.util",1,14,1
Public Class,"br.com.yaw.sjpac.util.ApplicationProperties",1,10,1
Private Constructor,"br.com.yaw.sjpac.util.ApplicationProperties.ApplicationProperties",,1,0
Private Static Method,"br.com.yaw.sjpac.util.ApplicationProperties.checkProperty",,2,1
Public Static Method,"br.com.yaw.sjpac.util.ApplicationProperties.getBuild",,1,0
Public Static Method,"br.com.yaw.sjpac.util.ApplicationProperties.getDesenvolvidoPor",,1,0
Private Method,"br.com.yaw.sjpac.util.ApplicationProperties.getManifestProperty",,1,0
Public Static Method,"br.com.yaw.sjpac.util.ApplicationProperties.getSite",,1,0
Public Static Method,"br.com.yaw.sjpac.util.ApplicationProperties.getTitulo",,1,0
Public Static Method,"br.com.yaw.sjpac.util.ApplicationProperties.getURLLogo",,1,0
Public Static Method,"br.com.yaw.sjpac.util.ApplicationProperties.getVersao",,1,0
Public Class,"br.com.yaw.sjpac.util.JPAUtil",2,4,1
Public Static Method,"br.com.yaw.sjpac.util.JPAUtil.closeEntityManagerFactory",,2,1
Public Static Method,"br.com.yaw.sjpac.util.JPAUtil.createEntityManager",,2,1
Package,"br.com.yaw.sjpac.validation",4,4,3
Public Class,"br.com.yaw.sjpac.validation.MercadoriaValidator",4,4,3
Public Method,"br.com.yaw.sjpac.validation.MercadoriaValidator.validate",,4,3
Public Generic Interface,"br.com.yaw.sjpac.validation.Validator",0,0,0
TypeVariable,"br.com.yaw.sjpac.validation.Validator.Entity",0,0,0
Public Abstract Method,"br.com.yaw.sjpac.validation.Validator.validate",,0,0
