Kind,Name,CountClassCoupled
Public Abstract Class,"br.com.yaw.sjpac.action.AbstractAction",0
Public Interface,"br.com.yaw.sjpac.action.BooleanExpression",0
Public Class,"br.com.yaw.sjpac.action.ConditionalAction",1
Public Class,"br.com.yaw.sjpac.action.TransactionalAction",1
Public Class,"br.com.yaw.sjpac.app.Main",1
Public Abstract Class,"br.com.yaw.sjpac.controller.AbstractController",3
Public Class,"br.com.yaw.sjpac.controller.BuscarMercadoriaController",1
Class,"br.com.yaw.sjpac.controller.BuscarMercadoriaController.BuscarMercadoriaController.(Anon_1)",7
Public Class,"br.com.yaw.sjpac.controller.IncluirMercadoriaController",6
Class,"br.com.yaw.sjpac.controller.IncluirMercadoriaController.IncluirMercadoriaController.(Anon_1)",1
Class,"br.com.yaw.sjpac.controller.IncluirMercadoriaController.IncluirMercadoriaController.(Anon_2)",4
Class,"br.com.yaw.sjpac.controller.IncluirMercadoriaController.IncluirMercadoriaController.(Anon_3)",8
Class,"br.com.yaw.sjpac.controller.IncluirMercadoriaController.IncluirMercadoriaController.(Anon_4)",8
Public Class,"br.com.yaw.sjpac.controller.ListaMercadoriaController",13
Class,"br.com.yaw.sjpac.controller.ListaMercadoriaController.ListaMercadoriaController.(Anon_1)",2
Class,"br.com.yaw.sjpac.controller.ListaMercadoriaController.ListaMercadoriaController.(Anon_10)",1
Class,"br.com.yaw.sjpac.controller.ListaMercadoriaController.ListaMercadoriaController.(Anon_10).handleEvent.(Anon_11)",1
Class,"br.com.yaw.sjpac.controller.ListaMercadoriaController.ListaMercadoriaController.(Anon_12)",1
Class,"br.com.yaw.sjpac.controller.ListaMercadoriaController.ListaMercadoriaController.(Anon_12).handleEvent.(Anon_13)",4
Class,"br.com.yaw.sjpac.controller.ListaMercadoriaController.ListaMercadoriaController.(Anon_2)",2
Class,"br.com.yaw.sjpac.controller.ListaMercadoriaController.ListaMercadoriaController.(Anon_3)",2
Class,"br.com.yaw.sjpac.controller.ListaMercadoriaController.ListaMercadoriaController.(Anon_4)",1
Class,"br.com.yaw.sjpac.controller.ListaMercadoriaController.ListaMercadoriaController.(Anon_5)",5
Class,"br.com.yaw.sjpac.controller.ListaMercadoriaController.ListaMercadoriaController.(Anon_6)",1
Class,"br.com.yaw.sjpac.controller.ListaMercadoriaController.ListaMercadoriaController.(Anon_6).handleEvent.(Anon_7)",1
Class,"br.com.yaw.sjpac.controller.ListaMercadoriaController.ListaMercadoriaController.(Anon_8)",1
Class,"br.com.yaw.sjpac.controller.ListaMercadoriaController.ListaMercadoriaController.(Anon_8).handleEvent.(Anon_9)",1
Public Abstract Class,"br.com.yaw.sjpac.controller.PersistenceController",1
Public Abstract Generic Class,"br.com.yaw.sjpac.dao.AbstractDAO",1
TypeVariable,"br.com.yaw.sjpac.dao.AbstractDAO.Entity",0
TypeVariable,"br.com.yaw.sjpac.dao.AbstractDAO.PK",0
Public Interface,"br.com.yaw.sjpac.dao.MercadoriaDAO",1
Public Class,"br.com.yaw.sjpac.dao.MercadoriaDAOJPA",1
Public Abstract Generic Class,"br.com.yaw.sjpac.event.AbstractEvent",0
TypeVariable,"br.com.yaw.sjpac.event.AbstractEvent.Target",0
Public Generic Interface,"br.com.yaw.sjpac.event.AbstractEventListener",0
TypeVariable,"br.com.yaw.sjpac.event.AbstractEventListener.M",0
Public Class,"br.com.yaw.sjpac.event.AtualizarListarMercadoriaEvent",0
Public Class,"br.com.yaw.sjpac.event.BuscarMercadoriaEvent",0
Public Class,"br.com.yaw.sjpac.event.DeletarMercadoriaEvent",1
Public Class,"br.com.yaw.sjpac.event.IncluirMercadoriaEvent",1
Public Interface,"br.com.yaw.sjpac.model.AbstractEntity",0
Public Class,"br.com.yaw.sjpac.model.Mercadoria",0
Public Class,"br.com.yaw.sjpac.ui.BuscaMercadoriaFrame",0
Public Class,"br.com.yaw.sjpac.ui.IncluirMercadoriaFrame",1
Public Class,"br.com.yaw.sjpac.ui.ListaMercadoriasFrame",3
Public Class,"br.com.yaw.sjpac.ui.MenuF1",0
Class,"br.com.yaw.sjpac.ui.MenuF1.addListener.(Anon_1)",1
Public Class,"br.com.yaw.sjpac.ui.MercadoriaTable",2
Public Class,"br.com.yaw.sjpac.ui.MercadoriaTableModel",1
Public Class,"br.com.yaw.sjpac.ui.SobreFrame",1
Class,"br.com.yaw.sjpac.ui.SobreFrame.montaLabelsSobre.(Anon_1)",1
Public Class,"br.com.yaw.sjpac.util.ApplicationProperties",0
Public Class,"br.com.yaw.sjpac.util.JPAUtil",0
Public Class,"br.com.yaw.sjpac.validation.MercadoriaValidator",1
Public Generic Interface,"br.com.yaw.sjpac.validation.Validator",0
TypeVariable,"br.com.yaw.sjpac.validation.Validator.Entity",0
